rs12913832,rs1800407,rs12896399,rs16891982,rs1393350,rs12203592,rs1426654,rs1805007,rs1805008,rs1110400,rs885479,rs1408799,sample_id
0,1,0,1,0,0,0,0,1,0,0,2,SYNTH_000000
1,0,0,0,1,1,0,0,1,0,0,1,SYNTH_000001
0,0,0,0,0,0,0,1,0,0,0,1,SYNTH_000002
0,0,0,0,0,0,0,1,1,0,1,0,SYNTH_000003
0,0,1,0,1,1,0,1,1,0,1,0,SYNTH_000004
1,1,0,0,1,1,0,0,0,0,0,0,SYNTH_000005
1,1,0,0,0,2,0,1,1,0,0,1,SYNTH_000006
0,1,0,0,0,0,0,0,2,0,0,0,SYNTH_000007
0,0,0,0,1,1,0,0,0,0,0,1,SYNTH_000008
0,0,0,0,0,1,0,0,0,0,1,0,SYNTH_000009
0,0,0,0,1,0,0,0,0,0,1,0,SYNTH_000010
0,1,0,0,0,1,0,1,0,0,0,2,SYNTH_000011
0,0,0,0,0,1,0,0,1,0,0,0,SYNTH_000012
1,0,0,0,0,0,0,0,0,0,1,0,SYNTH_000013
2,0,0,0,1,1,2,0,1,0,0,0,SYNTH_000014
1,1,0,0,0,1,0,0,1,0,0,0,SYNTH_000015
0,1,0,0,1,0,0,0,0,0,0,1,SYNTH_000016
0,0,0,1,0,0,0,0,1,1,0,1,SYNTH_000017
0,0,0,0,1,1,1,2,0,0,1,0,SYNTH_000018
1,0,0,0,0,0,0,0,0,0,1,0,SYNTH_000019
0,0,0,0,1,1,0,0,1,0,0,0,SYNTH_000020
0,0,1,0,1,1,0,1,2,0,0,0,SYNTH_000021
0,1,0,0,1,1,0,0,0,0,0,0,SYNTH_000022
0,1,1,0,1,0,1,0,1,0,1,0,SYNTH_000023
0,0,0,0,0,1,0,0,1,0,0,0,SYNTH_000024
0,0,0,0,1,0,0,0,0,0,0,1,SYNTH_000025
0,0,0,0,0,1,1,0,0,0,1,0,SYNTH_000026
0,0,0,0,0,1,0,0,1,0,0,0,SYNTH_000027
0,0,0,0,0,0,0,0,1,0,0,0,SYNTH_000028
0,1,1,0,2,0,0,0,0,0,0,0,SYNTH_000029
0,1,0,0,0,0,1,0,1,0,0,0,SYNTH_000030
1,0,0,0,1,1,1,1,2,0,0,0,SYNTH_000031
0,0,0,0,1,1,0,0,0,0,0,1,SYNTH_000032
0,0,0,0,0,1,0,0,0,0,0,2,SYNTH_000033
0,1,0,1,0,0,1,2,0,0,0,1,SYNTH_000034
0,1,1,0,2,1,0,0,0,0,0,1,SYNTH_000035
0,0,0,0,0,0,0,0,1,0,0,1,SYNTH_000036
0,1,0,1,0,0,0,0,1,0,0,1,SYNTH_000037
0,0,0,0,0,0,0,0,1,1,0,0,SYNTH_000038
1,0,0,0,1,0,0,2,2,0,0,1,SYNTH_000039
0,0,0,0,1,1,0,0,0,0,0,2,SYNTH_000040
0,0,0,0,0,1,0,1,1,1,0,0,SYNTH_000041
0,0,0,0,1,1,1,1,2,0,0,0,SYNTH_000042
0,1,0,0,0,0,0,0,0,0,0,1,SYNTH_000043
1,0,0,0,1,0,0,0,0,0,0,1,SYNTH_000044
1,0,0,1,0,0,0,1,1,0,0,2,SYNTH_000045
0,0,0,0,1,1,1,1,1,0,0,1,SYNTH_000046
0,0,0,1,0,0,0,1,1,0,1,0,SYNTH_000047
1,0,1,0,0,0,0,0,1,0,0,0,SYNTH_000048
0,0,0,0,1,1,0,0,1,0,0,0,SYNTH_000049
1,0,0,0,0,1,0,1,1,0,1,0,SYNTH_000050
0,1,0,0,0,1,0,0,0,0,0,0,SYNTH_000051
0,0,0,0,0,0,0,0,0,0,0,0,SYNTH_000052
0,1,1,0,0,0,0,0,1,0,0,0,SYNTH_000053
0,0,0,0,0,0,0,2,1,0,1,1,SYNTH_000054
1,0,0,0,0,0,0,0,0,0,0,1,SYNTH_000055
1,0,0,2,1,1,0,0,0,0,1,1,SYNTH_000056
1,1,0,1,0,1,0,1,0,0,0,0,SYNTH_000057
1,0,0,1,1,1,0,0,0,0,0,1,SYNTH_000058
0,0,0,0,1,0,0,0,1,0,0,0,SYNTH_000059
1,1,0,0,1,0,0,0,0,0,1,0,SYNTH_000060
0,0,0,0,0,1,1,0,0,1,1,0,SYNTH_000061
0,0,0,0,0,0,1,1,0,0,0,1,SYNTH_000062
0,0,0,0,0,0,0,0,2,0,1,0,SYNTH_000063
0,1,0,0,0,1,0,1,1,0,0,1,SYNTH_000064
0,1,0,0,0,0,0,1,0,0,0,0,SYNTH_000065
2,0,0,0,0,0,0,0,2,0,0,0,SYNTH_000066
0,0,0,0,0,1,0,0,0,0,1,0,SYNTH_000067
0,0,0,0,0,0,0,0,0,0,1,1,SYNTH_000068
0,1,1,0,1,0,0,2,2,0,0,0,SYNTH_000069
0,0,0,0,0,1,0,0,0,0,0,1,SYNTH_000070
0,0,0,0,0,0,0,0,0,0,1,1,SYNTH_000071
0,0,0,0,1,0,0,0,2,0,0,0,SYNTH_000072
0,0,1,1,1,0,1,1,0,0,0,0,SYNTH_000073
2,1,0,0,1,1,0,0,0,0,0,1,SYNTH_000074
0,0,0,0,0,0,1,1,0,0,0,1,SYNTH_000075
0,1,0,0,0,0,0,1,1,0,0,0,SYNTH_000076
0,1,0,0,0,0,0,0,0,0,0,0,SYNTH_000077
0,1,0,0,0,0,0,0,2,0,0,1,SYNTH_000078
1,0,0,2,1,1,0,0,0,0,1,1,SYNTH_000079
0,0,0,1,1,0,1,0,0,0,0,0,SYNTH_000080
0,0,0,0,0,0,0,1,2,0,0,1,SYNTH_000081
0,0,0,0,0,0,0,1,1,0,0,0,SYNTH_000082
0,1,0,0,0,0,0,0,1,0,0,0,SYNTH_000083
0,1,0,0,0,0,0,0,1,0,0,0,SYNTH_000084
0,1,0,0,1,1,0,0,1,0,0,0,SYNTH_000085
0,0,1,0,1,1,0,2,1,0,0,1,SYNTH_000086
0,0,0,0,0,0,1,0,2,0,0,0,SYNTH_000087
0,0,1,0,1,0,0,1,0,0,0,0,SYNTH_000088
0,1,0,0,1,1,0,0,0,0,1,0,SYNTH_000089
0,2,0,0,0,0,0,0,1,0,1,1,SYNTH_000090
0,1,0,1,0,1,0,0,1,0,0,0,SYNTH_000091
0,0,0,1,0,1,0,1,1,0,0,0,SYNTH_000092
1,0,0,0,0,1,0,0,1,0,0,0,SYNTH_000093
0,2,0,0,0,1,0,1,0,0,0,1,SYNTH_000094
0,2,0,1,0,1,0,0,2,0,0,0,SYNTH_000095
0,0,0,0,1,2,0,2,0,0,0,0,SYNTH_000096
0,1,0,0,0,2,0,0,0,0,0,1,SYNTH_000097
0,0,2,0,1,1,0,0,1,0,1,1,SYNTH_000098
0,0,0,0,1,0,0,1,0,0,0,0,SYNTH_000099
